单位配置ID;单位名称;单位描述
id;name;desc
200001;hero_name_0001;hero_desc_0001
200002;hero_name_0002;hero_desc_0002
200003;hero_name_0003;hero_desc_0003
200004;hero_name_0004;hero_desc_0004
200005;hero_name_0005;hero_desc_0005
200006;hero_name_0006;hero_desc_0006
200007;hero_name_0007;hero_desc_0007
200008;hero_name_0008;hero_desc_0008
200009;hero_name_0009;hero_desc_0009
200010;hero_name_0010;hero_desc_0010
200011;hero_name_0011;hero_desc_0011
200012;hero_name_0012;hero_desc_0012
200013;hero_name_0013;hero_desc_0013
200014;hero_name_0014;hero_desc_0014
200015;hero_name_0015;hero_desc_0015
200016;hero_name_0016;hero_desc_0016
200017;hero_name_0017;hero_desc_0017
200018;hero_name_0018;hero_desc_0018
200019;hero_name_0019;hero_desc_0019
200020;hero_name_0020;hero_desc_0020
200021;hero_name_0021;hero_desc_0021
200022;hero_name_0022;hero_desc_0022
200023;hero_name_0023;hero_desc_0023
200024;hero_name_0024;hero_desc_0024
200025;hero_name_0025;hero_desc_0025
200026;hero_name_0026;hero_desc_0026
200027;hero_name_0027;hero_desc_0027
200028;hero_name_0028;hero_desc_0028
200029;hero_name_0029;hero_desc_0029
200030;hero_name_0030;hero_desc_0030
200031;hero_name_0031;hero_desc_0031
200032;hero_name_0032;hero_desc_0032
200033;hero_name_0033;hero_desc_0033
200034;hero_name_0034;hero_desc_0034
200035;hero_name_0035;hero_desc_0035
200036;hero_name_0036;hero_desc_0036
200037;hero_name_0037;hero_desc_0037
200038;hero_name_0038;hero_desc_0038
200039;hero_name_0039;hero_desc_0039
200040;hero_name_0040;hero_desc_0040
200041;hero_name_0041;hero_desc_0041
200042;hero_name_0042;hero_desc_0042
200043;hero_name_0043;hero_desc_0043
200044;hero_name_0044;hero_desc_0044
200045;hero_name_0045;hero_desc_0045
200046;hero_name_0046;hero_desc_0046
200047;hero_name_0047;hero_desc_0047
200048;hero_name_0048;hero_desc_0048
200049;hero_name_0049;hero_desc_0049
200050;hero_name_0050;hero_desc_0050
200051;hero_name_0051;hero_desc_0051
200052;hero_name_0052;hero_desc_0052
200053;hero_name_0053;hero_desc_0053
200054;hero_name_0054;hero_desc_0054
200055;hero_name_0055;hero_desc_0055
200056;hero_name_0056;hero_desc_0056
200057;hero_name_0057;hero_desc_0057
200058;hero_name_0058;hero_desc_0058
200059;hero_name_0059;hero_desc_0059
200060;hero_name_0060;hero_desc_0060
200061;hero_name_0061;hero_desc_0061
200062;hero_name_0062;hero_desc_0062
200063;hero_name_0063;hero_desc_0063
200064;hero_name_0064;hero_desc_0064
200065;hero_name_0065;hero_desc_0065
200066;hero_name_0066;hero_desc_0066
200067;hero_name_0067;hero_desc_0067
200068;hero_name_0068;hero_desc_0068
200069;hero_name_0069;hero_desc_0069
200070;hero_name_0070;hero_desc_0070
200071;hero_name_0071;hero_desc_0071
200072;hero_name_0072;hero_desc_0072
200073;hero_name_0073;hero_desc_0073
200074;hero_name_0074;hero_desc_0074
200075;hero_name_0075;hero_desc_0075
200076;hero_name_0076;hero_desc_0076
200077;hero_name_0077;hero_desc_0077
200078;hero_name_0078;hero_desc_0078
200079;hero_name_0079;hero_desc_0079
200080;hero_name_0080;hero_desc_0080
200081;hero_name_0081;hero_desc_0081
200082;hero_name_0082;hero_desc_0082
200083;hero_name_0083;hero_desc_0083
200084;hero_name_0084;hero_desc_0084
200085;hero_name_0085;hero_desc_0085
200086;hero_name_0086;hero_desc_0086
200087;hero_name_0087;hero_desc_0087
200088;hero_name_0088;hero_desc_0088
200089;hero_name_0089;hero_desc_0089
200090;hero_name_0090;hero_desc_0090
200091;hero_name_0091;hero_desc_0091
200092;hero_name_0092;hero_desc_0092
